番号,単語,名詞,動詞,形容詞,副詞,接続詞,前置詞
801,pass,入場許可証、パス,通る、(時が)たつ、~を手渡す、(~に)合格する,,,,
802,bank,銀行、土手,,,,,
803,bicycle,自転車,,,,,
804,radio,ラジオ,,,,,
805,department store,デパート、百貨店,,,,,
806,convenience store,コンビニエンスストア,,,,,
807,convenient,,,便利な、好都合な,,,
808,jacket,上着、ジャケット,,,,,
809,noise,物音、騒音,,,,,
810,noisy,,,騒がしい、うるさい,,,
811,outside,外側,,外側の,外側に,,~の外側に
812,inside,内側,,内側の,内側に,,~の内側に
813,either,,,,~もまた(...ない),,
814,surprise,驚き,~を驚かす、びっくりさせる,,,,
815,peace,平和,,,,,
816,police,警察,,,,,
817,experience,経験、体験,~を経験する,,,,
818,part,部分、一部,,,,,
819,area,地域、地方、面積,,,,,
820,field,畑、野原,,,,,
821,space,空間、スペース、宇宙,,,,,
822,fact,事実、現実,,,,,
823,absent,,,欠席して、不在の,,,
824,enough,,,十分な,十分に,,
825,such,,,そのような,,,
826,even,,,,~でさえ、さらに,,
827,myself,私自身,,,,,
828,yourself,あなた自身,,,,,
829,herself,彼女自身,,,,,
830,himself,彼自身,,,,,
831,itself,それ自身,,,,,
832,ourselves,私たち自身,,,,,
833,yourselves,あなたたち自身,,,,,
834,themselves,彼ら自身,,,,,
835,clear,,,はっきりした、明らかな、澄んだ、晴れた,,,
836,clearly,,,,はっきりと、明らかに,,
837,real,,,本当の、現実の,,,
838,reality,現実,,,,,
839,village,村,,,,,
840,wake,,目が覚める、~を起こす,,,,
841,less,,,より少ない,より少なく,,
842,least,,,最も少ない,最も少なく,,
843,cheap,,,安い,,,
844,price,価格、値段,,,,,
845,everywhere,,,,どこでも、いたるところで,,
846,anywhere,,,,どこかに、どこにも、どこへでも,,
847,somewhere,,,,どこかに,,
848,someday,,,,いつか、そのうち,,
849,forever,,,,永久に、永遠に,,
850,difference,違い、差,,,,,
851,pride,誇り、自尊心,,,,,
852,proud,,,誇りに思う,,,
853,smell,におい,においがする、~のにおいをかぐ,,,,
854,happen,,起こる,,,,
855,explain,,(~を)説明する,,,,
856,receive,,~を受け取る、受け取る,,,,
857,return,帰ること,帰る、戻る、~を返す,,,,
858,lend,,(~を)貸す,,,,
859,let,,(人)に~させる,,,,
860,sign,標識、看板、合図、身振り,(~に)署名する,,,,
861,report,報告、報告書,(~を)報告する、知らせる,,,,
862,menu,メニュー、献立表,,,,,
863,nervous,,,神経質な、緊張して、心配して,,,
864,lonely,,,さみしい、孤独な,,,
865,alone,,,ただ1人で,1人で、単独で,,
866,cover,本の表紙,~をおおう、~にふたをする,,,,
867,fill,,~を満たす、いっぱいにする,,,,
868,cause,原因、理由,~の原因となる、~を引き起こす,,,,
869,hurt,,~を傷つける、痛む,,,,
870,born,,(be born)で生まれる,,,,
871,disappointed,,,がっかりした、失望した,,,
872,accident,事故、偶然の出来事,,,,,
873,plant,植物、工場,~を植える,,,,
874,wood,木材、森,,,,,
875,wooden,,,木製の,,,
876,web,ウェブ、蜘蛛の巣,,,,,
877,site,用地、場所、サイト,,,,,
878,step,歩み、一歩、階段,,,,,
879,have,,持っている,,,,
880,been,,beの過去分詞,,,,
881,since,,,,,~してからずっと,~以来
882,ever,,,,今までに、これまでに、かつて,,
883,twice,,,,2度、2回,,
884,already,,,,すでに、もう,,
885,yet,,,,まだ、もう,,
886,done,,doの過去分詞,,,,
887,able,,,することができる,,,
888,human,人、人間,,人間の、人間的な,,,
889,dead,,,死んだ、死んでいる、枯れた,,,
890,death,死,,,,,
891,promise,約束,(~を)約束する,,,,
892,continue,,~を続ける、続く,,,,
893,save,,救う、蓄える,,,,
894,surprised,,,驚いた、びっくりした,,,
895,surprising,,,驚くべき、意外な,,,
896,dangerous,,,危険な、危ない,,,
897,safe,金庫,,安全な、安心な,,,
898,possible,,,可能な、ありうる,,,
899,impossible,,,不可能な、ありえない,,,
900,necessary,,,必要な、なくてはならない,,,
901,effort,努力,,,,,
902,boat,ボート、小型の船,,,,,
903,ship,大型の船,,,,,
904,afraid,,,恐れて、こわがって、心配して,,,
905,feeling,感情、気持ち、感覚,,,,,
906,living,生活、暮らし,,生きている,,,
907,beginning,初め、始まり,,,,,
908,goal,ゴール、目標,,,,,
909,type,型、タイプ、種類,,,,,
910,health,健康,,,,,
911,healthy,,,健康な、健康に良い,,,
912,reason,理由、理性,,,,,
913,machine,機械,,,,,
914,tradition,伝統,,,,,
915,traditional,,,伝統的な、伝統の,,,
916,helpful,,,助けになる、役に立つ,,,
917,burn,,燃える、焼ける、~を燃やす,,,,
918,lie,うそ,横になる、横たわる、うそをつく,,,,
919,solve,,~を解く、解決する,,,,
920,agree,,同意する、賛成する,,,,
921,disagree,,意見が合わない、同意しない,,,,
922,recycle,,再生利用する、リサイクルする,,,,
923,lady,婦人、女の人,,,,,
924,road,道路、道,,,,,
925,nation,国、国家,,,,,
926,national,,,国家の、国民の,,,
927,international,,,国際的な、国家間の,,,
928,final,,,最終の、最後の,,,
929,finally,,,,ついに、ようやく、最後に,,
930,who,関係代名詞,,,,,
931,which,関係代名詞,,,,,
932,gather,,~を集める、集まる,,,,
933,lead,,~を導く、案内する、通じる、つながる,,,,
934,shake,,~を振る、ゆさぶる、ゆれる,,,,
935,shoot,,~を撃つ,,,,
936,support,支持、支援、支え,~を支持する、支援する,,,,
937,exam,試験,,,,,
938,course,進路、コース,,,,,
939,college,大学,,,,,
940,elementary,,,初歩の、初等の,,,
941,seat,席、座席,,,,,
942,that,関係代名詞,,,,,
943,whom,だれを,,,,,
944,share,,~を分け合う、共有する,,,,
945,drop,,落ちる、~を落とす,,,,
946,musical,ミュージカル,,音楽の,,,
947,musician,音楽家,,,,,
948,natural,,,自然の、当然の,,,
949,nature,自然、自然界、性質,,,,,
950,order,命令、注文,~を命令する、~を注文する,,,,
951,produce,産物,~を生産する,,,,
952,product,製品、生産物,,,,,
953,matter,問題、事柄,重要である、問題である,,,,
954,wonder,驚き、不思議,~かしらと思う、不思議に思う,,,,
955,line,線、路線、列,,,,,
956,age,年齢、年代,,,,,
957,island,島,,,,,
958,picnic,ピクニック、遠足,,,,,
959,lunchtime,昼食時間,,,,,
960,communicate,,伝達する、伝え合う,,,,
961,communication,コミュニケーション、意思伝達,,,,,
962,air,空気、空中、空,,,,,
963,airport,空港,,,,,
964,airplane,飛行機,,,,,
965,though,,,,,~だけれども,
966,although,,,,,~だけれども,
967,rise,上昇、増加,上がる、昇る、起きる,,,,
968,set,一組,~を置く、セットする、沈む,,,,
969,belong,,~のものである、~に所属している,,,,
970,above,,,,,上に,~の上に
971,below,,,,,下に,~の下に
972,across,,,,,,~を横切って、~の向こう側に
973,beside,,,,,,~のそばに
974,against,,,,,,~に反対して、~に対抗して
975,per,,,,,,~につき
976,percent,パーセント,,,,,
977,milllion,100万,,100万の,,,
978,middle,真ん中,,真ん中の,,,
979,bit,少し、少量,,,,,
980,push,,押す,,,,
981,pull,,引く、引っ張る,,,,
982,enter,,~に入る、~に入学する,,,,
983,entrance,入口、入学,,,,,
984,business,商売、仕事,,,,,
985,company,会社、仲間,,,,,
986,passport,パスポート、旅券,,,,,
987,tourist,観光客、旅行者,,,,,
988,visitor,訪問者、来客,,,,,
989,exchange,交換,~を交換する,,,,
990,host,主人,主催する、開催する,,,,
991,homestay,ホームステイ,,,,,
992,hometown,故郷,,,,,
993,prepare,,~の準備をする、準備する,,,,
994,express,,~を表現する,急行の,,,
995,expression,表現、表情,,,,,
996,conversation,会話,,,,,
997,discussion,議論、討議,,,,,
998,interview,インタビュー、面接,~にインタビューする,,,,
999,meaning,意味,,,,,
1000,opinion,意見、考え,,,,,
1001,voice,声,,,,,
1002,purpose,目的、意図,,,,,
1003,result,結果、成績,,,,,
1004,case,場合、事例、ケース、箱,,,,,
1005,past,過去,,過去の,,,~を過ぎて
1006,fight,戦い,戦う,,,,
1007,war,戦争,,,,,
1008,arm,腕,,,,,
1009,neck,首,,,,,
1010,shoulder,肩,,,,,
1011,finger,指,,,,,
1012,headache,頭痛,,,,,
1013,memory,記憶、思い出,,,,,
1014,tear,涙,~を裂く,,,,
1015,attention,注意、注目,,,,,
1016,wind,風,,,,,
1017,windy,,,風の強い、風の吹く,,,
1018,low,,,低い、安い,低く,,
1019,bowl,はち、わん、ボウル,,,,,
1020,peach,桃,,,,,
1021,pie,パイ,,,,,
1022,sweet,,,甘い,,,
1023,salt,塩,,,,,
1024,wine,ワイン,,,,,
1025,butter,バター,,,,,
1026,candy,キャンディー,,,,,
1027,sugar,砂糖,,,,,
1028,wide,,,幅が広い,,,
1029,nobody,だれも~ない,,,,,
1030,none,~の何も...でない,,,,,
1031,hey,やあ、ちょっと,,,,,
1032,drum,ドラム、太鼓,,,,,
1033,band,楽団、バンド、ひも、帯,,,,,
1034,theater,劇場、映画館,,,,,
1035,stage,舞台、ステージ,,,,,
1036,perform,,(~を)上演する、~を行う,,,,
1037,performer,上演者,,,,,
1038,performance,上演、演奏、実行,,,,,
1039,instrument,器具、楽器,,,,,
1040,match,試合、マッチ,,,,,
1041,professional,プロ,,プロの、専門職の,,,
1042,medicine,薬、医学,,,,,
1043,medical,,,医学の、医療の,,,
1044,simple,,,簡単な、単純な,,,
1045,tiger,トラ,,,,,
1046,horse,馬,,,,,
1047,crane,鶴,,,,,
1048,vet,獣医,,,,,
1049,author,著者、作家,,,,,
1050,character,登場人物、性格、人格,,,,,
1051,action,行動、行為,,,,,
1052,active,,,活動的な、活発な,,,
1053,brave,,,勇敢な、勇気を持った,,,
1054,east,東,,東の,,,
1055,west,西,,西の,,,
1056,south,南,,南の,,,
1057,north,北,,北の,,,
1058,jump,,跳ぶ、飛び上がる,,,,
1059,disappear,,消える、見えなくなる、消滅する,,,,
1060,pleasure,よろこび、楽しみ,,,,,
1061,treasure,宝物,~を大切にする,,,,
1062,adventure,冒険,,,,,
1063,clever,,,利口な、賢い,,,
1064,lovely,,,美しい、かわいらしい,,,
1065,common,,,共通の、ふつうの,,,
1066,round,,,丸い,まわりに,,~のまわりに
1067,eastern,,,東の,,,
1068,western,,,西の,,,
1069,southern,,,南の,,,
1070,northern,,,北の,,,
1071,relax,,くつろぐ、リラックスする,,,,
1072,wish,願い、望み,望む、願う,,,,
1073,custom,習慣、風習,,,,,
1074,habit,習慣、癖,,,,,
1075,spot,場所、地点、しみ,,,,,
1076,statue,像、彫像,,,,,
1077,roof,屋根、屋上,,,,,
1078,hole,穴,,,,,
1079,trick,手品、トリック、たくらみ,,,,,
1080,personal,,,個人の、個人的な,,,
1081,daily,,,毎日の、日常の,毎日,,
1082,ahead,,,,前方に、先に,,
1083,especialy,,,,特に,,
1084,develop,,~を発展させる、発達する、~を開発する,,,,
1085,astronaut,宇宙飛行士,,,,,
1086,owner,持ち主、所有者,,,,,
1087,laugh,,笑う,,,,
1088,laughter,笑い、笑い声,,,,,
1089,list,一覧表、リスト、名簿,,,,,
1090,skill,技術、技能、技量,,,,,
1091,period,期間、時代,,,,,
1092,major,,,主要な、重要な,,,
1093,crowd,群衆、ひとごみ,,,,,
1094,crowded,,,混みあった,,,
1095,thick,,,厚い、太い,,,
1096,thin,,,薄い、やせた,,,
1097,depend,,~に頼る、~次第である、~による,,,,
1098,ring,輪、指輪,鳴る、鳴らす,,,,
1099,advice,忠告、助言、アドバイス,,,,,
1100,advise,,忠告する、助言する,,,,
1101,board,板、黒板、掲示板,,,,,
1102,aboard,,,,~に乗って,,~に乗って
1103,condition,状態、体調,,,,,
1104,sight,視力、視界、光景,,,,,
1105,fever,熱,,,,,
1106,ill,,,病気の,,,
1107,illness,病気,,,,,
1108,forest,森、森林,,,,,
1109,grass,草、芝生,,,,,
1110,succeed,,成功する,,,,
1111,success,成功,,,,,
1112,successful,,,成功した,,,
1113,captain,キャプテン、主将,,,,,
1114,teammate,チームメイト,,,,,
1115,teamwork,チームワーク、共同作業,,,,,
1116,bell,ベル、鈴、鐘,,,,,
1117,glove,手袋、グローブ,,,,,
1118,track,通った跡、小道、線路,,,,,
1119,bottom,底、最下部,,,,,
1120,sentence,文,,,,,
1121,shy,,,内気な、恥ずかしがりの,,,
1122,fat,脂肪,,太った,,,
1123,celebrate,,祝う,,,,
1124,suggest,,~を提案する、~をほのめかす,,,,
1125,suggestion,提案,,,,,
1126,sale,販売、安売り,,,,,
1127,cost,価格、費用,費用などがかかる,,,,
1128,coin,硬貨、コイン,,,,,
1129,vase,花瓶,,,,,
1130,sofa,ソファ,,,,,
1131,shower,シャワー、にわか雨,,,,,
1132,cloth,布,,,,,
1133,towel,タオル,,,,,
1134,excellent,,,優れた、優秀な,,,
1135,comfortable,,,快適な、気持ちの良い,,,
1136,blow,,(風が)吹く,,,,
1137,hate,,~を嫌う、憎む,,,,
1138,cartoon,漫画,,,,,
1139,factory,工場,,,,,
1140,staff,職員、社員,,,,,
1141,neighbor,隣人、近所の人,,,,,
1142,honest,,,正直な、誠実な,,,
1143,lazy,,,怠けている、怠惰な,,,
1144,public,,,公の、公共の,,,
1145,private,,,個人の、私的な,,,
1146,several,,,いくつかの、数人の,,,
1147,plenty,たくさん、十分,,,,,
1148,anyway,,,,とにかく、いずれにしても,,
1149,consider,,よく考える,,,,
1150,describe,,~を描写する、~の特徴を述べる,,,,
1151,invent,,~を発明する,,,,
1152,role,役割、役,,,,,
1153,hero,英雄、ヒーロー,,,,,
1154,speaker,演説者、話し手,,,,,
1155,audience,聴衆、観客,,,,,
1156,attitude,態度、心構え,,,,,
1157,thought,考え、思考,,,,,
1158,friendship,友情,,,,,
1159,happiness,幸福,,,,,
1160,midnight,真夜中、夜中の12時,,,,,
1161,firework,花火,,,,,
1162,argue,,議論する、口論する,,,,
1163,lock,錠,~にかぎをかける,,,,
1164,apartment,マンション,,,,,
1165,elevator,エレベーター,,,,,
1166,continent,大陸,,,,,
1167,pollution,汚染,,,,,
1168,chemical,化学製品,,化学の,,,
1169,temperature,温度、気温、体温,,,,,
1170,degree,度、程度、学位,,,,,
1171,centimeter,センチメートル,,,,,
1172,court,コート、中庭、法廷,,,,,
1173,hill,丘、小山,,,,,
1174,horror,恐怖、恐ろしいもの,,,,,
1175,pocket,ポケット,,,,,
1176,poem,詩,,,,,
1177,rose,バラ,,,,,
1178,stone,石,,,,,
1179,subway,地下鉄,,,,,
1180,tool,道具,,,,,
1181,blood,血、血液、家柄,,,,,
1182,bone,骨,,,,,
1183,brain,脳、頭脳,,,,,
1184,article,記事,,,,,
1185,circle,円、仲間、範囲,,,,,
1186,confident,,,確信して、自信をもって,,,
1187,fair,,,公平な,,,
1188,hide,,隠れる、~を隠す,,,,
1189,reply,返事、返答,返事をする,,,,
1190,envelope,封筒,,,,,
1191,form,,~を形作る,形、形式,,,
1192,customer,客、得意先,,,,,
1193,reporter,記者、レポーター,,,,,
1194,partner,相手、パートナー,,,,,
1195,couple,一対、一組,,,,,
1196,prince,王子,,,,,
1197,princess,王女,,,,,
1198,gray,灰色,,灰色の,,,
1199,certain,,,確信して、確かな,,,
1200,false,,,間違った,,,
1201,notice,掲示、通知,~に気づく,,,,
1202,imagine,,(~を)想像する,,,,
1203,cheer,,元気を出す、~を元気づける,,,,
1204,cheerful,,,快活な、陽気な,,,
1205,perfect,,,完全な、完璧な,,,
1206,local,,,地元の、その土地の,,,
1207,deep,,,深い,,,
1208,deeply,,,,深く,,
1209,loud,,,音・声が大きい,大声で,,
1210,quietly,,,,静かに,,
1211,however,,,,しかし,,
1212,graduate,,卒業する,,,,
1213,graduation,卒業,,,,,
1214,add,,加える、足す,,,,
1215,shine,光、輝き,輝く、光る,,,,
1216,amusement,楽しみ、娯楽,,,,,
1217,gentle,,,優しい,,,
1218,gentleman,紳士,,,,,
1219,adult,成人、大人,,成人の、大人の,,,
1220,style,様式、やり方,,,,,
1221,level,水準、レベル,,,,,
1222,medium,手段、媒体,,中くらいの、Mサイズの,,,
1223,cycle,周期、循環,自転車に乗る,,,,
1224,cycling,サイクリング,,,,,
1225,soft,,,柔らかい、おだやかな、静かな,,,
1226,softly,,,,柔らかく、おだやかに,,
1227,bake,,(パンなど)~を焼く,,,,
1228,fry,,~を(油で)揚げる、炒める,,,,
1229,taste,味,味がする,,,,
1230,plate,皿,,,,,
1231,pan,平なべ、フライパン,,,,,
1232,fridge,冷蔵庫,,,,,
1233,garbage,生ごみ,,,,,
1234,market,市場,,,,,
1235,steak,ステーキ,,,,,
1236,noodle,めん,,,,,
1237,snack,軽食、おやつ,,,,,
1238,chocolate,チョコレート,,,,,
1239,fresh,,,新鮮な、できたての,,,
1240,rest,休み、休憩,休む,,,,
1241,compare,,~を比較する、比べる,,,,
1242,record,記録,,,,,
1243,champion,優勝者、チャンピオン,,,,,
1244,championship,選手権,,,,,
1245,choice,選択、選択肢,,,,,
1246,shampoo,シャンプー,,,,,
1247,wheel,車輪,,,,,
1248,graph,グラフ、図表,,,,,
1249,colorful,,,色とりどりの、色彩豊かな,,,
1250,peaceful,,,平和な、静かな,,,
1251,friendly,,,好意的な、親しみのある,,,
1252,seem,,~のように見える、~らしい,,,,
1253,appear,,現れる,,,,
1254,raise,,~を上げる、~を育てる,,,,
1255,trouble,困難、心配、悩み,,,,,
1256,mistake,誤り、間違い,,,,,
1257,traffic,交通,,,,,
1258,animation,アニメーション、動画,,,,,
1259,animator,アニメ作家,,,,,
1260,figure,図、数字、姿,,,,,
1261,data,データ、資料,,,,,
1262,homepage,ホームページ,,,,,
1263,online,,,オンラインの、ネットの,オンラインで、ネットで,,
1264,print,印刷物,~を印刷する,,,,
1265,design,デザイン、設計,デザインする、設計する,,,,
1266,designer,デザイナー,,,,,
1267,painter,画家,,,,,
1268,painting,絵,,,,,
1269,artist,芸術家,,,,,
1270,artwork,芸術作品,,,,,
1271,postcard,はがき,,,,,
1272,act,行い、行為,行動する、ふるまう,,,,
1273,actually,,,,実際に、本当は、実は,,
1274,lamp,明かり、ランプ,,,,,
1275,frog,カエル,,,,,
1276,snake,ヘビ,,,,,
1277,spread,,~を広げる、広がる,,,,
1278,wave,波,手を振る,,,,
1279,serve,,(食事など)~を出す,,,,
1280,service,サービス、奉仕,,,,,
1281,earn,,(お金)~を稼ぐ,,,,
1282,shock,衝撃、ショック,~に衝撃を与える,,,,
1283,joy,喜び,,,,,
1284,amazing,,,びっくりするような,,,
1285,asleep,,,眠って,,,
1286,boring,,,退屈な,,,
1287,symbol,象徴、記号,,,,,
1288,system,組織、制度、体系,,,,,
1289,view,眺め、景色、見方,,,,,
1290,protect,,~を保護する、守る,,,,
1291,connect,,~をつなぐ,,,,
1292,energy,エネルギー、力,,,,,
1293,eathquake,地震,,,,,
1294,planet,惑星,,,,,
1295,biology,生物学,,,,,
1296,plastic,プラスチック,,プラスチック製の、ビニール製の,,,
1297,trash,ごみ、くず,,,,,
1298,dry,,~を乾かす,乾いた,,,
1299,wet,,,濡れた、しめった,,,
1300,power,力、能力、権力,,,,,
1301,powerful,,,強力な、力のある,,,
1302,magic,魔法、手品,,魔法の、手品の,,,
1303,shout,叫び,大声で叫ぶ,,,,
1304,handle,,~を扱う、処理する,,,,
1305,knock,,ノックする,,,,
1306,stair,階段,,,,,
1307,upstairs,,,,上の階へ,,
1308,gate,門,,,,,
1309,mat,マット,,,,,
1310,housework,家事,,,,,
1311,gesture,身振り、しぐさ,,,,,
1312,joke,冗談、ジョーク,,,,,
1313,native,,,出生地の、母国の,,,
1314,official,,,公式の、公の,,,
1315,strict,,,厳しい、厳格な,,,
1316,impress,,~に感銘を与える,,,,
1317,improve,,~を改善する、上達させる,,,,
1318,manage,,~を経営する、管理する,,,,
1319,manager,経営者、支配人,,,,,
1320,project,計画、企画、事業,,,,,
1321,research,調査、研究,,,,,
1322,researcher,調査員、研究者,,,,,
1323,president,大統領、社長,,,,,
1324,center,中心,,,,,
1325,central,,,中心の、中央の,,,
1326,courage,勇気,,,,,
1327,encourage,,~を励ます、勇気づける,,,,
1328,toward,,,,,,~のほうへ、~に向かって
1329,count,,数える,,,,
1330,land,土地、陸地,,,,,
1331,flight,飛行、空の旅,,,,,
1332,pilot,パイロっと,,,,,
1333,passenger,乗客、旅客,,,,,
1334,tour,旅行,,,,,
1335,cent,(通貨単位)セント,,,,,
1336,century,世紀、１００年,,,,,
1337,similar,,,似ている、同様の,,,
1338,marry,,結婚する,,,,
1339,wedding,結婚式,,,,,
1340,whole,,,全体の,,,
1341,total,合計、総額,,,,,
1342,steal,,~を盗む,,,,
1343,attack,,~を攻撃する、襲う,,,,
1344,destroy,,~を破壊する、壊す,,,,
1345,waste,むだ、浪費、ごみ,,,,,
1346,suffer,,(苦痛)を受ける、苦しむ,,,,
1347,injure,,~にけがをさせる、~を傷つける,,,,
1348,injury,けが、負傷,,,,,
1349,environment,環境,,,,,
1350,dentist,歯科医,,,,,
1351,drugstore,ドラッグストア,,,,,
1352,stomach,おなか、胃,,,,,
1353,stomachache,腹痛,,,,,
1354,pain,痛み、苦痛,,,,,
1355,select,,選ぶ、選択する,,,,
1356,gas,ガス、気体,,,,,
1357,oil,石油、油,,,,,
1358,engine,エンジン,,,,,
1359,engineering,工学,,,,,
1360,electric,,,電気の,,,
1361,electricity,電気,,,,,
1362,sweater,セーター,,,,,
1363,belt,ベルト,,,,,
1364,button,ボタン,,,,,
1365,overseas,,,海外の,海外へ、外国に,,
1366,ghost,幽霊,,,,,
1367,quite,,,,まったく、かなり、なかなか,,
1368,respect,,~を尊敬する、尊重する,,,,
1369,discover,,~を発見する,,,,
1370,discovery,発見、発見されたもの,,,,,
1371,global,,,全世界の、地球規模の,,,
1372,social,,,社会の,,,
1373,society,社会、協会、団体,,,,,
1374,freedom,自由,,,,,
1375,importance,重要性、大切さ,,,,,
1376,hunger,飢え、空腹,,,,,
1377,training,訓練、練習,,,,,
1378,law,法律、法則,,,,,
1379,lawyer,弁護士、法律家,,,,,
1380,wild,,,野生の、乱暴な,,,
1381,bark,,(犬が)吠える,,,,
1382,bite,ひと口,かむ,,,,
1383,carrot,人参,,,,,
1384,onion,玉ねぎ,,,,,
1385,toast,トースト,,,,,
1386,dessert,デザート,,,,,
1387,desert,砂漠,,砂漠の,,,
1388,dolphine,イルカ,,,,,
1389,whale,クジラ,,,,,
1390,countryside,田舎、地方,,,,,
1391,empty,,,空っぽの,,,
1392,certainly,,,,確かに,,
1393,perhaps,,,,もしかしたら、たぶん,,
1394,apply,,申し込む、~を適用する,,,,
1395,accept,,~を受け入れる、受け取る,,,,
1396,bury,,~を埋める、埋葬する,,,,
1397,fix,,~を修理する,,,,
1398,diary,日記,,,,,
1399,note,メモ,,,,,
1400,prize,賞、賞品,,,,,
1401,novel,小説,,,,,
1402,photograph,写真,,,,,
1403,presentation,発表、プレゼンテーション,,,,,
1404,race,競争、人種,,,,,
1405,lifestyle,生活様式,,,,,
1406,normal,標準の、正常な,,,,,
1407,treat,,~を扱う、~を治療する,,,,
1408,control,,~を支配する、抑制する,,,,
1409,judge,,~を判断する、裁く,,,,
1410,anger,怒り,,,,,
1411,main,,,主な、主要な,,,
1412,direct,,,まっすぐな、直接の,,,
1413,direction,方向、方角,,,,,
1414,ability,能力,,,,,
1415,capital,首都、大文字,,,,,
1416,citizen,市民、国民,,,,,
1417,probably,,,,たぶん、おそらく,,
1418,rather,,,,むしろ、いくぶん、かなり,,
1419,recently,,,,最近、近頃,,
1420,remain,,,,,,
1421,remind,,,,,,
1422,wrap,,,,,,
1423,wallet,,,,,,
1424,chain,,,,,,
1425,amount,,,,,,
1426,heat,,,,,,
1427,shade,,,,,,
1428,harvest,,,,,,
1429,branch,,,,,,
1430,cage,,,,,,
1431,bark,,,,,,
1432,elderly,,,,,,
1433,attend,,,,,,
1434,behave,,,,,,
1435,challenge,,,,,,
1436,greeting,,,,,,
1437,mystery,,,,,,
1438,mysterious,,,,,,
1439,fantastic,,,,,,
1440,polite,,,,,,
1441,positive,,,,,,
1442,negative,,,,,,
1443,serious,,,,,,
1444,truth,,,,,,
1445,truly,,,,,,
1446,increase,,,,,,
1447,decrease,,,,,,
1448,influence,,,,,,
1449,bloom,,,,,,
1450,economy,,,,,,
1451,method,,,,,,
1452,population,,,,,,
1453,regular,,,,,,
1454,various,,,,,,
1455,base,,,,,,
1456,basic,,,,,,
1457,basically,,,,,,
1458,intstead,,,,,,
1459,prefer,,,,,,
1460,provide,,,,,,
1461,quit,,,,,,
1462,retire,,,,,,
1463,create,,,,,,
1464,creativity,,,,,,
1465,creature,,,,,,
1466,image,,,,,,
1467,interest,,,,,,
1468,value,,,,,,
1469,valuable,,,,,,
1470,single,,,,,,
1471,double,,,,,,
1472,expect,,,,,,
1473,trust,,,,,,
1474,realize,,,,,,
1475,separate,,,,,,
1476,silence,,,,,,
1477,silent,,,,,,
1478,cancer,,,,,,
1479,patient,,,,,,
1480,alive,,,,,,
1481,average,,,,,,
1482,mobile,,,,,,
1483,cell,,,,,,
1484,allow,,,,,,
1485,discuss,,,,,,
1486,chat,,,,,,
1487,manner,,,,,,
1488,schedule,,,,,,
1489,appointment,,,,,,
1490,ancient,,,,,,
1491,modern,,,,,,
1492,latest,,,,,,
1493,lately,,,,,,
1494,lastly,,,,,,
1495,precious,,,,,,
1496,achieve,,,,,,
1497,offer,,,,,,
1498,repair,,,,,,
1499,escape,,,,,,
1500,confuse,,,,,,
1501,satisfy,,,,,,
1502,amuse,,,,,,
1503,shape,,,,,,
1504,square,,,,,,
1505,quick,,,,,,
1506,wise,,,,,,
1507,sharp,,,,,,
1508,complain,,,,,,
1509,insist,,,,,,
1510,force,,,,,,
1511,shut,,,,,,
1512,fortune,,,,,,
1513,greedy,,,,,,
1514,loose,,,,,,
1515,uneasy,,,,,,
1516,gym,,,,,,
1517,blackboard,,,,,,
1518,quiz,,,,,,
1519,score,,,,,,
1520,pupil,,,,,,
1521,fall,,,,,,
1522,failure,,,,,,
1523,upset,,,,,,
1524,weight,,,,,,
1525,gram,,,,,,
1526,pound,,,,,,
1527,distance,,,,,,
1528,speed,,,,,,
1529,mile,,,,,,
1530,effect,,,,,,
1531,effective,,,,,,
1532,sense,,,,,,
1533,avoid,,,,,,
1534,doubt,,,,,,
1535,regret,,,,,,
1536,harm,,,,,,
1537,rob,,,,,,
1538,thief,,,,,,
1539,emergency,,,,,,
1540,fear,,,,,,
1541,frightened,,,,,,
1542,pity,,,,,,
1543,ashamed,,,,,,
1544,unbelievable,,,,,,
1545,awful,,,,,,
1546,demand,,,,,,
1547,pretend,,,,,,
1548,bend,,,,,,
1549,exist,,,,,,
1550,contain,,,,,,
1551,universe,,,,,,
1552,universal,,,,,,
1553,oppisite,,,,,,
1554,beyond,,,,,,
1555,within,,,,,,
1556,castle,,,,,,
1557,bench,,,,,,
1558,parking,,,,,,
1559,complete,,,,,,
1560,prevent,,,,,,
1561,bother,,,,,,
1562,divide,,,,,,
1563,liberty,,,,,,
1564,appearance,,,,,,
1565,lip,,,,,,
1566,mirror,,,,,,
1567,suit,,,,,,
1568,tie,,,,,,
1569,handkerchief,,,,,,
1570,rhythm,,,,,,
1571,orchestra,,,,,,
1572,concentrate,,,,,,
1573,master,,,,,,
1574,drill,,,,,,
1575,task,,,,,,
1576,alphabet,,,,,,
1577,education,,,,,,
1578,experiment,,,,,,
1579,situation,,,,,,
1580,state,,,,,,
1581,position,,,,,,
1582,pattern,,,,,,
1583,rate,,,,,,
1584,feature,,,,,,
1585,cross,,,,,,
1586,beg,,,,,,
1587,alarm,,,,,,
1588,calendar,,,,,,
1589,sheet,,,,,,
1590,blanket,,,,,,
1591,furniture,,,,,,
1592,pond,,,,,,
1593,port,,,,,,
1594,flow,,,,,,
1595,coast,,,,,,
1596,ocean,,,,,,
1597,coral,,,,,,
1598,sink,,,,,,
1599,surround,,,,,,
1600,mix,,,,,,
1601,addition,,,,,,
1602,award,,,,,,
1603,government,,,,,,
1604,heritage,,,,,,
1605,rush,,,,,,
1606,shortcut,,,,,,
1607,technology,,,,,,
1608,device,,,,,,
1609,digital,,,,,,
1610,following,,,,,,
1611,reserve,,,,,,
1612,stranger,,,,,,
1613,guide,,,,,,
1614,journey,,,,,,
1615,balloon,,,,,,
1616,ceremony,,,,,,
1617,exhibition,,,,,,
1618,fiction,,,,,,
1619,film,,,,,,
1620,screen,,,,,,
1621,contact,,,,,,
1622,usual,,,,,,
1623,sincerely,,,,,,
1624,damage,,,,,,
1625,crime,,,,,,
1626,would,,,,,,
1627,soldier,,,,,,
1628,disaster,,,,,,
1629,flood,,,,,,
1630,storm,,,,,,
1631,pressure,,,,,,
1632,impact,,,,,,
1633,flat,,,,,,
1634,proper,,,,,,
1635,ugly,,,,,,
1636,classical,,,,,,
1637,beat,,,,,,
1638,roll,,,,,,
1639,include,,,,,,
1640,dining,,,,,,
1641,ingredient,,,,,,
1642,sausage,,,,,,
1643,soybean,,,,,,
1644,sour,,,,,,
1645,bitter,,,,,,
1646,trade,,,,,,
1647,rent,,,,,,
1648,display,,,,,,
1649,mall,,,,,,
1650,strike,,,,,,
1651,reflect,,,,,,
1652,hesitate,,,,,,
1653,architect,,,,,,
1654,barber,,,,,,
1655,clerk,,,,,,
1656,librarian,,,,,,
1657,athlete,,,,,,
1658,waiter,,,,,,
1659,release,,,,,,
1660,quality,,,,,,
1661,seed,,,,,,
1662,source,,,,,,
1663,fellow,,,,,,
1664,male,,,,,,
1665,female,,,,,,
1666,kid,,,,,,
1667,ancestor,,,,,,
1668,generation,,,,,,
1669,talent,,,,,,
1670,beauty,,,,,,
1671,advantage,,,,,,
1672,difficulty,,,,,,
1673,independence,,,,,,
1674,knowledge,,,,,,
1675,solution,,,,,,
1676,lay,,,,,,
1677,brick,,,,,,
1678,gold,,,,,,
1679,golden,,,,,,
1680,silver,,,,,,
1681,metal,,,,,,
1682,iron,,,,,,
1683,fuel,,,,,,
1684,anymore,,,,,,
1685,exactly,,,,,,
1686,immediately,,,,,,
1687,indeed,,,,,,
1688,therefore,,,,,,
1689,deal,,,,,,
1690,secret,,,,,,
1691,chess,,,,,,
1692,snowboard,,,,,,
1693,insect,,,,,,
1694,truck,,,,,,
1695,might,,,,,,
1696,Dr.,,,,,,
1697,France,,,,,,
1698,Germany,,,,,,
1699,Italy,,,,,,
1700,Europe,,,,,,
1701,bore,,,,,,
1702,fold,,,,,,
1703,not,,,,,,
1704,misunderstand,,,,,,
1705,decision,,,,,,
1706,ease,,,,,,
1707,safety,,,,,,
1708,sand,,,,,,
1709,huge,,,,,,
1710,anytime,,,,,,
1711,Asia,,,,,,
1712,Africa,,,,,,
1713,admire,,,,,,
1714,announce,,,,,,
1715,sightseeing,,,,,,
1716,raibow,,,,,,
1717,sunrise,,,,,,
1718,sunset,,,,,,
1719,solar,,,,,,
1720,horizon,,,,,,
1721,climate,,,,,,
1722,humid,,,,,,
1723,fluently,,,,,,
1724,nearly,,,,,,
1725,neither,,,,,,
1726,recommend,,,,,,
1727,remove,,,,,,
1728,hunt,,,,,,
1729,object,,,,,,
1730,balance,,,,,,
1731,variety,,,,,,
1732,curtain,,,,,,
1733,cushion,,,,,,
1734,ceiling,,,,,,
1735,ladder,,,,,,
1736,skillful,,,,,,
1737,useless,,,,,,
1738,reuse,,,,,,
1739,industrial,,,,,,
1740,industry,,,,,,
1741,robot,,,,,,
1742,rocket,,,,,,
1743,cherry,,,,,,
1744,pot,,,,,,
1745,airconditioner,,,,,,
1746,movement,,,,,,
1747,mayor,,,,,,
1748,minister,,,,,,
1749,policy,,,,,,
1750,motto,,,,,,
1751,praise,,,,,,
1752,hang,,,,,,
1753,tent,,,,,,
1754,candle,,,,,,
1755,sort,,,,,,
1756,prefecture,,,,,,
1757,billion,,,,,,
1758,belief,,,,,,
1759,breath,,,,,,
1760,breathe,,,,,,
1761,blind,,,,,,
1762,wheelchair,,,,,,
1763,region,,,,,,
1764,locate,,,,,,
1765,blossom,,,,,,
1766,memorize,,,,,,
1767,memorial,,,,,,
1768,monument,,,,,,
1769,scene,,,,,,
1770,scenery,,,,,,
1771,combination,,,,,,
1772,model,,,,,,
1773,phrase,,,,,,
1774,instance,,,,,,
1775,arrest,,,,,,
1776,danger,,,,,,
1777,punish,,,,,,
1778,bomb,,,,,,
1779,poison,,,,,,
1780,prison,,,,,,
1781,barrier,,,,,,
1782,border,,,,,,
1783,murder,,,,,,
1784,loss,,,,,,
1785,search,,,,,,
1786,factor,,,,,,
1787,cruel,,,,,,
1788,decorate,,,,,,
1789,whisper,,,,,,
1790,whistle,,,,,,
1791,cough,,,,,,
1792,throat,,,,,,
1793,tongue,,,,,,
1794,toothache,,,,,,
1795,skin,,,,,,
1796,disease,,,,,,
1797,ambulance,,,,,,
1798,equal,,,,,,
1799,hardly,,,,,,
1800,refuse,,,,,,
1801,ignore,,,,,,
1802,prove,,,,,,
1803,used,,,,,,
1804,height,,,,,,
1805,length,,,,,,
1806,era,,,,,,
1807,origin,,,,,,
1808,original,,,,,,
1809,originally,,,,,,
1810,meaningful,,,,,,
1811,except,,,,,,
1812,affect,,,,,,
1813,supply,,,,,,
1814,reduce,,,,,,
1815,melt,,,,,,
1816,interrupt,,,,,,
1817,burst,,,,,,
1818,occur,,,,,,
1819,package,,,,,,
1820,peak,,,,,,
1821,jogging,,,,,,
1822,wrestling,,,,,,
1823,tightly,,,,,,
1824,whether,,,,,,
1825,survive,,,,,,
1826,scare,,,,,,
1827,enable,,,,,,
1828,unable,,,,,,
1829,anxious,,,,,,
1830,observe,,,,,,
1831,observation,,,,,,
1832,poverty,,,,,,
1833,progress,,,,,,
1834,priority,,,,,,
1835,saying,,,,,,
1836,proverb,,,,,,
1837,tale,,,,,,
1838,mend,,,,,,
1839,recognize,,,,,,
1840,regard,,,,,,
1841,feed,,,,,,
1842,wing,,,,,,
1843,tail,,,,,,
1844,nest,,,,,,
1845,wolf,,,,,,
1846,turkey,,,,,,
1847,mess,,,,,,
1848,tidy,,,,,,
1849,unique,,,,,,
1850,suppose,,,,,,
1851,publish,,,,,,
1852,advertise,,,,,,
1853,advertisement,,,,,,
1854,translate,,,,,,
1855,translator,,,,,,
1856,interpreter,,,,,,
1857,blog,,,,,,
1858,keyboard,,,,,,
1859,humor,,,,,,
1860,technique,,,,,,
1861,conference,,,,,,
1862,promote,,,,,,
1863,explode,,,,,,
1864,atomic,,,,,,
1865,nuclear,,,,,,
1866,army,,,,,,
1867,enemy,,,,,,
1868,landmine,,,,,,
1869,tragedy,,,,,,
1870,comedy,,,,,,
1871,comedian,,,,,,
1872,detective,,,,,,
1873,severe,,,,,,
1874,tough,,,,,,
1875,warn,,,,,,
1876,ban,,,,,,
1877,export,,,,,,
1878,import,,,,,,
1879,tax,,,,,,
1880,wisdom,,,,,,
1881,theory,,,,,,
1882,victory,,,,,,
1883,voyage,,,,,,
1884,waterfall,,,,,,
1885,wealth,,,,,,
1886,wealthy,,,,,,
1887,explore,,,,,,
1888,nephew,,,,,,
1889,relative,,,,,,
1890,twin,,,,,,
1891,species,,,,,,
1892,journalist,,,,,,
1893,newscaster,,,,,,
1894,media,,,,,,
1895,primary,,,,,,
1896,schoolyard,,,,,,
1897,kindergarten,,,,,,
1898,nursery,,,,,,
1899,sadness,,,,,,
1900,approach,,,,,,
1901,react,,,,,,
1902,reaction,,,,,,
1903,response,,,,,,
1904,relationship,,,,,,
1905,congratulation,,,,,,
1906,spirit,,,,,,
1907,opportunity,,,,,,
1908,flexibleideal,,,,,,
1909,ideal,,,,,,
1910,jealous,,,,,,
1911,apart,,,,,,
1912,unless,,,,,,
1913,preserve,,,,,,
1914,bamboo,,,,,,
1915,cave,,,,,,
1916,jungle,,,,,,
1917,rainforest,,,,,,
1918,surface,,,,,,
1919,underground,,,,,,
1920,endangered,,,,,,
1921,emperor,,,,,,
1922,evolution,,,,,,
1923,sorrow,,,,,,
1924,aware,,,,,,
1925,deliver,,,,,,
1926,employ,,,,,,
1927,puzzle,,,,,,
1928,consist,,,,,,
1929,responsible,,,,,,
1930,embarrassed,,,,,,
1931,essential,,,,,,
1932,complicated,,,,,,
1933,willing,,,,,,
1934,will,,,,,,
1935,league,,,,,,
1936,tournament,,,,,,
1937,stick,,,,,,
1938,intend,,,,,,
1939,examine,,,,,,
1940,conclusion,,,,,,
1941,content,,,,,,
1942,worth,,,,,,
1943,melody,,,,,,
1944,chorus,,,,,,
1945,conductor,,,,,,
1946,instructor,,,,,,
1947,career,,,,,,
1948,identity,,,,,,
1949,individual,,,,,,
1950,duty,,,,,,
1951,facility,,,,,,
1952,issue,,,,,,
1953,section,,,,,,
1954,leaflet,,,,,,
1955,pamphlet,,,,,,
1956,oral,,,,,,
1957,argument,,,,,,
1958,signal,,,,,,
1959,physics,,,,,,
1960,psychology,,,,,,
1961,geography,,,,,,
1962,detemine,,,,,,
1963,appreciate,,,,,,
1964,fade,,,,,,
1965,consult,,,,,,
1966,airline,,,,,,
1967,atomosphere,,,,,,
1968,satellite,,,,,,
1969,forecast,,,,,,
1970,liquid,,,,,,
1971,resource,,,,,,
1972,gradually,,,,,,
1973,incredibly,,,,,,
1974,somehow,,,,,,
1975,measure,,,,,,
1976,miracle,,,,,,
1977,outing,,,,,,
1978,parade,,,,,,
1979,arrow,,,,,,
1980,panel,,,,,,
1981,crop,,,,,,
1982,clothing,,,,,,
1983,costume,,,,,,
1984,thread,,,,,,
1985,ordinary,,,,,,
1986,particular,,,,,,
1987,seldom,,,,,,
1988,boycott,,,,,,
1989,campaign,,,,,,
1990,charity,,,,,,
1991,community,,,,,,
1992,democracy,,,,,,
1993,transportation,,,,,,
1994,giant,,,,,,
1995,monster,,,,,,
1996,priest,,,,,,
1997,vegetarian,,,,,,
1998,Pacific,,,,,,
1999,Olympic,,,,,,
2000,god,,,,,,
